no. charges,min energy
2,0.050000000000000
3,0.173205080756888
4,0.382842712474619
5,0.688190960235586
6,1.096410161513770
